{
    "meta": {
        "version": "5.5",
        "timestamp": "2021-08-04T17:43:22.593515",
        "branch_coverage": true,
        "show_contexts": false
    },
    "files": {
        "stack.py": {
            "executed_lines": [
                3,
                14,
                17,
                18,
                41,
                42,
                43,
                45,
                47,
                48,
                65,
                66,
                67,
                68,
                69,
                71,
                73,
                74,
                75,
                76,
                77,
                78,
                79,
                81,
                82,
                84,
                85,
                87,
                88,
                90,
                91,
                93,
                94,
                96,
                97,
                99,
                100,
                109,
                111,
                112,
                121,
                123,
                132,
                134,
                144,
                145,
                146,
                148,
                163,
                164,
                165,
                167,
                181,
                182,
                183,
                186,
                187
            ],
            "summary": {
                "covered_lines": 55,
                "num_statements": 55,
                "percent_covered": 98.63013698630137,
                "missing_lines": 0,
                "excluded_lines": 0,
                "num_branches": 18,
                "num_partial_branches": 1,
                "covered_branches": 17,
                "missing_branches": 1
            },
            "missing_lines": [],
            "excluded_lines": []
        },
        "test_stack.py": {
            "executed_lines": [
                3,
                6,
                9,
                11,
                18,
                19,
                21,
                24,
                26,
                27,
                30,
                32,
                33,
                34,
                35,
                36,
                37,
                40,
                42,
                43,
                44,
                45,
                46,
                47,
                50,
                52,
                53,
                54,
                55,
                58,
                60,
                61,
                62,
                63,
                66,
                68,
                69,
                70,
                71,
                72,
                73,
                76,
                78,
                79,
                80,
                81,
                82,
                83,
                86,
                88,
                89,
                90,
                91,
                92,
                93,
                96,
                103,
                105,
                106,
                107,
                108,
                111,
                113,
                114,
                115,
                116,
                117,
                118,
                119,
                120,
                121,
                122,
                123,
                124,
                127,
                129,
                130,
                131,
                132
            ],
            "summary": {
                "covered_lines": 79,
                "num_statements": 79,
                "percent_covered": 100.0,
                "missing_lines": 0,
                "excluded_lines": 0,
                "num_branches": 6,
                "num_partial_branches": 0,
                "covered_branches": 6,
                "missing_branches": 0
            },
            "missing_lines": [],
            "excluded_lines": []
        }
    },
    "totals": {
        "covered_lines": 134,
        "num_statements": 134,
        "percent_covered": 99.36708860759494,
        "missing_lines": 0,
        "excluded_lines": 0,
        "num_branches": 24,
        "num_partial_branches": 1,
        "covered_branches": 23,
        "missing_branches": 1
    }
}