{
    "meta": {
        "version": "5.5",
        "timestamp": "2021-08-04T17:50:32.669387",
        "branch_coverage": true,
        "show_contexts": false
    },
    "files": {
        "qqueue.py": {
            "executed_lines": [
                3,
                19,
                22,
                23,
                42,
                43,
                44,
                46,
                48,
                49,
                66,
                67,
                68,
                69,
                70,
                72,
                74,
                75,
                76,
                77,
                78,
                79,
                80,
                82,
                83,
                85,
                86,
                88,
                89,
                91,
                92,
                94,
                95,
                97,
                98,
                100,
                101,
                110,
                112,
                113,
                122,
                124,
                139,
                140,
                141,
                142,
                144,
                153,
                155,
                169,
                170,
                171,
                173,
                183,
                184,
                185,
                188,
                189
            ],
            "summary": {
                "covered_lines": 56,
                "num_statements": 56,
                "percent_covered": 98.61111111111111,
                "missing_lines": 0,
                "excluded_lines": 0,
                "num_branches": 16,
                "num_partial_branches": 1,
                "covered_branches": 15,
                "missing_branches": 1
            },
            "missing_lines": [],
            "excluded_lines": []
        },
        "test_queue.py": {
            "executed_lines": [
                3,
                6,
                9,
                11,
                18,
                19,
                21,
                24,
                26,
                27,
                30,
                32,
                33,
                34,
                35,
                36,
                37,
                40,
                42,
                43,
                44,
                45,
                46,
                47,
                50,
                52,
                53,
                54,
                55,
                58,
                60,
                61,
                62,
                63,
                66,
                68,
                69,
                70,
                71,
                72,
                73,
                76,
                78,
                79,
                80,
                81,
                82,
                83,
                86,
                88,
                89,
                90,
                91,
                92,
                93,
                96,
                103,
                105,
                106,
                107,
                108,
                111,
                113,
                114,
                115,
                116,
                117,
                118,
                119,
                120,
                121,
                122,
                123,
                124,
                127,
                129,
                130,
                131,
                132
            ],
            "summary": {
                "covered_lines": 79,
                "num_statements": 79,
                "percent_covered": 100.0,
                "missing_lines": 0,
                "excluded_lines": 0,
                "num_branches": 6,
                "num_partial_branches": 0,
                "covered_branches": 6,
                "missing_branches": 0
            },
            "missing_lines": [],
            "excluded_lines": []
        }
    },
    "totals": {
        "covered_lines": 135,
        "num_statements": 135,
        "percent_covered": 99.36305732484077,
        "missing_lines": 0,
        "excluded_lines": 0,
        "num_branches": 22,
        "num_partial_branches": 1,
        "covered_branches": 21,
        "missing_branches": 1
    }
}