{
    "meta": {
        "version": "5.5",
        "timestamp": "2021-08-09T17:05:58.871088",
        "branch_coverage": true,
        "show_contexts": false
    },
    "files": {
        "qqueue.py": {
            "executed_lines": [
                3,
                19,
                22,
                23,
                46,
                47,
                48,
                50,
                52,
                53,
                70,
                71,
                72,
                73,
                74,
                76,
                77,
                78,
                80,
                81,
                82,
                83,
                84,
                85,
                86,
                87,
                89,
                98,
                100,
                113,
                115,
                135,
                136,
                137,
                138,
                140,
                149,
                151,
                160,
                162,
                175,
                177,
                193,
                202,
                204,
                213,
                215,
                216,
                225,
                227,
                228,
                237,
                239,
                254,
                255,
                256,
                257,
                259,
                270,
                284,
                286,
                288,
                298,
                301,
                302
            ],
            "summary": {
                "covered_lines": 63,
                "num_statements": 66,
                "percent_covered": 95.23809523809524,
                "missing_lines": 3,
                "excluded_lines": 0,
                "num_branches": 18,
                "num_partial_branches": 1,
                "covered_branches": 17,
                "missing_branches": 1
            },
            "missing_lines": [
                191,
                268,
                285
            ],
            "excluded_lines": []
        },
        "test_queue.py": {
            "executed_lines": [
                3,
                6,
                9,
                11,
                13,
                20,
                21,
                23,
                26,
                33,
                35,
                38,
                45,
                47,
                50,
                52,
                53,
                54,
                58,
                60,
                61,
                62,
                63,
                66,
                68,
                69,
                70,
                71,
                72,
                73,
                76,
                78,
                79,
                80,
                81,
                84,
                86,
                89,
                90,
                92,
                95,
                96,
                98,
                99,
                102,
                104,
                105,
                106,
                109,
                111,
                112,
                113,
                114,
                117,
                119,
                120
            ],
            "summary": {
                "covered_lines": 56,
                "num_statements": 56,
                "percent_covered": 100.0,
                "missing_lines": 0,
                "excluded_lines": 0,
                "num_branches": 6,
                "num_partial_branches": 0,
                "covered_branches": 6,
                "missing_branches": 0
            },
            "missing_lines": [],
            "excluded_lines": []
        }
    },
    "totals": {
        "covered_lines": 119,
        "num_statements": 122,
        "percent_covered": 97.26027397260275,
        "missing_lines": 3,
        "excluded_lines": 0,
        "num_branches": 24,
        "num_partial_branches": 1,
        "covered_branches": 23,
        "missing_branches": 1
    }
}