{
    "meta": {
        "version": "5.5",
        "timestamp": "2021-06-01T01:01:48.605005",
        "branch_coverage": true,
        "show_contexts": false
    },
    "files": {
        "qqueue.py": {
            "executed_lines": [
                3,
                19,
                22,
                23,
                42,
                43,
                44,
                46,
                48,
                49,
                71,
                72,
                73,
                74,
                75,
                76,
                77,
                79,
                80,
                101,
                102,
                103,
                104,
                106,
                108,
                109,
                110,
                111,
                113,
                114,
                116,
                117,
                119,
                120,
                122,
                125,
                126,
                128,
                129,
                131,
                132,
                141,
                143,
                144,
                154,
                155,
                156,
                158,
                159,
                168,
                170,
                171,
                180,
                182,
                197,
                198,
                199,
                200,
                202,
                220,
                221,
                222,
                224,
                233,
                236,
                237
            ],
            "summary": {
                "covered_lines": 64,
                "num_statements": 65,
                "percent_covered": 97.59036144578313,
                "missing_lines": 1,
                "excluded_lines": 0,
                "num_branches": 18,
                "num_partial_branches": 1,
                "covered_branches": 17,
                "missing_branches": 1
            },
            "missing_lines": [
                123
            ],
            "excluded_lines": []
        },
        "test_queue.py": {
            "executed_lines": [
                3,
                6,
                9,
                11,
                18,
                19,
                21,
                24,
                26,
                27,
                30,
                32,
                33,
                34,
                35,
                36,
                37,
                40,
                42,
                43,
                44,
                45,
                46,
                47,
                50,
                52,
                53,
                54,
                55,
                56,
                59,
                61,
                62,
                63,
                64,
                65,
                66,
                69,
                71,
                72,
                73,
                74,
                75,
                76,
                79,
                81,
                82,
                83,
                84,
                85,
                86,
                89,
                92,
                94,
                95,
                96,
                97,
                100,
                102,
                103,
                104,
                105,
                106,
                107,
                108,
                109,
                110,
                111,
                112,
                113,
                116,
                118,
                119,
                120
            ],
            "summary": {
                "covered_lines": 74,
                "num_statements": 74,
                "percent_covered": 100.0,
                "missing_lines": 0,
                "excluded_lines": 0,
                "num_branches": 6,
                "num_partial_branches": 0,
                "covered_branches": 6,
                "missing_branches": 0
            },
            "missing_lines": [],
            "excluded_lines": []
        }
    },
    "totals": {
        "covered_lines": 138,
        "num_statements": 139,
        "percent_covered": 98.77300613496932,
        "missing_lines": 1,
        "excluded_lines": 0,
        "num_branches": 24,
        "num_partial_branches": 1,
        "covered_branches": 23,
        "missing_branches": 1
    }
}